{"cameraMode":{"drawMode":0,"name":"Shaded","section":"Shading Mode"},"sceneLighting":false,"audioPlay":false,"sceneViewState":{"m_AlwaysRefresh":false,"showFog":true,"showSkybox":false,"showFlares":true,"showImageEffects":true,"showParticleSystems":true,"showVisualEffectGraphs":true,"m_FxEnabled":true},"in2DMode":false,"pivot":{"x":0.028796732425689698,"y":0.38929101824760439,"z":-0.042423367500305179},"rotation":{"x":0.1509317308664322,"y":0.8453959226608276,"z":-0.3170635998249054,"w":0.402449369430542},"size":0.7086853384971619,"orthographic":false}